sampler_label,aggregate_report_count,average,aggregate_report_median,aggregate_report_90%_line,aggregate_report_min,aggregate_report_max,aggregate_report_error%,aggregate_report_rate,aggregate_report_bandwidth
classes,985,15101,8288,36838,857,211337,0.017258883248730966,0.10672951825329396,0.16322841998894347
TOTAL,985,15101,8288,36838,857,211337,0.017258883248730966,0.10672951825329396,0.16322841998894347
